date,title,service,closer_flag
2/20/2022,All Creatures Of Our God And King,AM,TRUE
2/20/2022,All Glory Be To Christ,AM,FALSE
2/20/2022,Holy Holy Holy Lord God Almighty,AM,FALSE
2/20/2022,Praise To The Lord The Almighty,AM,FALSE
2/20/2022,Yet Not I But Through Christ In Me,AM,FALSE
2/27/2022,In Christ Alone,AM,TRUE
2/27/2022,Yet Not I But Through Christ In Me,PM,TRUE
2/27/2022,All Creatures Of Our God And King,AM,FALSE
2/27/2022,Before The Throne Of God Above,AM,FALSE
2/27/2022,Man Of Sorrows,AM,FALSE
2/27/2022,Speak O Lord,AM,FALSE
2/27/2022,Come Behold The Wondrous Mystery,PM,FALSE
2/27/2022,In Christ Alone,PM,FALSE
3/6/2022,Holy Holy Holy Lord God Almighty,AM,TRUE
3/6/2022,Before The Throne Of God Above,AM,FALSE
3/6/2022,Come Behold The Wondrous Mystery,AM,FALSE
3/6/2022,How Deep The Father's Love For Us,AM,FALSE
3/6/2022,We Will Glorify,AM,FALSE
3/13/2022,All Glory Be To Christ,AM,TRUE
3/13/2022,Amazing Grace,PM,TRUE
3/13/2022,Christ The Sure And Steady Anchor,AM,FALSE
3/13/2022,Man Of Sorrows,AM,FALSE
3/13/2022,O For A Thousand Tongues To Sing,AM,FALSE
3/13/2022,Speak O Lord,AM,FALSE
3/13/2022,I Will Trust My Saviour Jesus,PM,FALSE
3/13/2022,Solid Rock/My Hope Is Built On Nothing Less,PM,FALSE
3/20/2022,Yet Not I But Through Christ In Me,AM,TRUE
3/20/2022,Behold Our God,AM,FALSE
3/20/2022,Crown Him With Many Crowns,AM,FALSE
3/20/2022,I Will Trust My Saviour Jesus,AM,FALSE
3/20/2022,In Christ Alone,AM,FALSE
3/27/2022,It Is Well With My Soul,AM,TRUE
3/27/2022,We Will Glorify,PM,TRUE
3/27/2022,Be Thou My Vision,AM,FALSE
3/27/2022,Christ Is Mine Forevermore,AM,FALSE
3/27/2022,Christ The Sure And Steady Anchor,AM,FALSE
3/27/2022,O God Beyond All Praising,AM,FALSE
3/27/2022,Christ Our Hope In Life And Death,PM,FALSE
3/27/2022,When I Survey The Wondrous Cross,PM,FALSE
4/3/2022,Holy Holy Holy Lord God Almighty,AM,TRUE
4/3/2022,All Creatures Of Our God And King,AM,FALSE
4/3/2022,Behold Our God,AM,FALSE
4/3/2022,Come Thou Fount,AM,FALSE
4/3/2022,His Mercy Is More,AM,FALSE
4/10/2022,What A Friend We Have In Jesus,AM,TRUE
4/10/2022,10000 Reasons,AM,FALSE
4/10/2022,All Praise To Him,AM,FALSE
4/10/2022,His Mercy Is More,AM,FALSE
4/10/2022,O For A Thousand Tongues To Sing,AM,FALSE
4/10/2022,Doxology,PM,TRUE
4/17/2022,Before The Throne Of God Above,AM,TRUE
4/17/2022,Christ Is Risen He Is Risen Indeed,AM,FALSE
4/17/2022,Come Behold The Wondrous Mystery,AM,FALSE
4/17/2022,Crown Him With Many Crowns,AM,FALSE
4/17/2022,It Was Finished Upon That Cross,AM,FALSE
4/24/2022,Jesus What A Friend For Sinners,AM,TRUE
4/24/2022,We Will Feast In The House Of Zion,PM,TRUE
4/24/2022,All Glory Be To Christ,AM,FALSE
4/24/2022,All Praise To Him,AM,FALSE
4/24/2022,Not In Me,AM,FALSE
4/24/2022,Speak O Lord,AM,FALSE
4/24/2022,Come Thou Fount,PM,FALSE
4/24/2022,Jesus Strong And Kind,PM,FALSE
5/1/2022,In Christ Alone,AM,TRUE
5/1/2022,Christ Our Hope In Life And Death,AM,FALSE
5/1/2022,Jerusalem,AM,FALSE
5/1/2022,Nothing But The Blood,AM,FALSE
5/1/2022,O God Beyond All Praising,AM,FALSE
5/8/2022,Abide With Me,AM,TRUE
5/8/2022,My Jesus I Love Thee,PM,TRUE
5/8/2022,Crown Him With Many Crowns,AM,FALSE
5/8/2022,His Mercy Is More,AM,FALSE
5/8/2022,Praise To The Lord The Almighty,AM,FALSE
5/8/2022,We Will Feast In The House Of Zion,AM,FALSE
5/8/2022,All Praise To Him,PM,FALSE
5/8/2022,He Will Hold Me Fast,PM,FALSE
5/15/2022,Be Thou My Vision,AM,TRUE
5/15/2022,All Hail The Power Of Jesus Name,AM,FALSE
5/15/2022,Christ Is Mine Forevermore,AM,FALSE
5/15/2022,Jesus Strong And Kind,AM,FALSE
5/15/2022,Solid Rock/My Hope Is Built On Nothing Less,AM,FALSE
5/22/2022,All Glory Be To Christ,AM,TRUE
5/22/2022,Behold The Lamb,PM,TRUE
5/22/2022,10000 Reasons,AM,FALSE
5/22/2022,He Will Hold Me Fast,AM,FALSE
5/22/2022,Jesus What A Friend For Sinners,PM,FALSE
5/22/2022,Speak O Lord,AM,FALSE
5/22/2022,Tis So Sweet To Trust In Jesus,AM,FALSE
5/22/2022,Come Behold The Wondrous Mystery,PM,FALSE
5/22/2022,Doxology,PM,FALSE
5/29/2022,In Christ Alone,AM,TRUE
5/29/2022,A Mighty Fortress Is Our God,AM,FALSE
5/29/2022,Behold Our God,AM,FALSE
5/29/2022,Christ Our Hope In Life And Death,AM,FALSE
5/29/2022,Hallelujah For The Cross,AM,FALSE
6/5/2022,O Church Arise,AM,TRUE
6/5/2022,Grace Greater Than Our Sin,PM,TRUE
6/5/2022,All I Have Is Christ,AM,FALSE
6/5/2022,All Praise To Him,AM,FALSE
6/5/2022,How Firm A Foundation,AM,FALSE
6/5/2022,O Great God,AM,FALSE
6/5/2022,Nothing But The Blood,PM,FALSE
6/5/2022,Your Will Be Done,PM,FALSE
6/12/2022,Yet Not I But Through Christ In Me,AM,TRUE
6/12/2022,O For A Thousand Tongues To Sing,AM,FALSE
6/12/2022,Only A Holy God,AM,FALSE
6/12/2022,Speak O Lord,AM,FALSE
6/12/2022,When Trials Come,AM,FALSE
6/19/2022,Turn Your Eyes,AM,TRUE
6/19/2022,Christ The Sure And Steady Anchor,AM,FALSE
6/19/2022,Hallelujah For The Cross,AM,FALSE
6/19/2022,I Will Trust My Saviour Jesus,AM,FALSE
6/19/2022,Praise To The Lord The Almighty,AM,FALSE
6/26/2022,Your Will Be Done,AM,TRUE
6/26/2022,Before The Throne Of God Above,AM,FALSE
6/26/2022,Behold Our God,AM,FALSE
6/26/2022,Hail The Day That Christ Arose,AM,FALSE
6/26/2022,Solid Rock/My Hope Is Built On Nothing Less,AM,FALSE
7/3/2022,We Will Glorify,AM,TRUE
7/3/2022,Behold The Lamb,PM,TRUE
7/3/2022,All Hail The Power Of Jesus Name,AM,FALSE
7/3/2022,Christ The Sure And Steady Anchor,AM,FALSE
7/3/2022,He Will Hold Me Fast,AM,FALSE
7/3/2022,Holy Holy Holy Lord God Almighty,AM,FALSE
7/3/2022,Only A Holy God,AM,FALSE
7/3/2022,Jesus Paid It All,PM,FALSE
7/3/2022,Jesus Strong And Kind,PM,FALSE
7/10/2022,Amazing Grace,AM,TRUE
7/10/2022,All Creatures Of Our God And King,AM,FALSE
7/10/2022,Come Thou Fount,AM,FALSE
7/10/2022,Hail The Day That Christ Arose,AM,FALSE
7/10/2022,In Christ Alone,AM,FALSE
7/10/2022,The Gospel Song,AM,FALSE
7/17/2022,Jesus What A Friend For Sinners,AM,TRUE
7/17/2022,Jesus Paid It All,PM,TRUE
7/17/2022,Ancient of Days,AM,FALSE
7/17/2022,Christ Our Hope In Life And Death,AM,FALSE
7/17/2022,His Mercy Is More,AM,FALSE
7/17/2022,Holy Holy Holy Lord God Almighty,AM,FALSE
7/17/2022,When Trials Come,AM,FALSE
7/17/2022,10000 Reasons,PM,FALSE
7/17/2022,Yet Not I But Through Christ In Me,PM,FALSE
7/24/2022,Abide With Me,AM,TRUE
7/24/2022,Behold Our God,AM,FALSE
7/24/2022,How Firm A Foundation,AM,FALSE
7/24/2022,I Will Trust My Saviour Jesus,AM,FALSE
7/24/2022,O Great God,AM,FALSE
7/24/2022,See The Destined Day Arise,AM,FALSE
7/31/2022,O Church Arise,AM,TRUE
7/31/2022,Doxology,PM,TRUE
7/31/2022,10000 Reasons,AM,FALSE
7/31/2022,All I Have Is Christ,AM,FALSE
7/31/2022,Christ Is Mine Forevermore,AM,FALSE
7/31/2022,Praise To The Lord The Almighty,AM,FALSE
7/31/2022,Speak O Lord,AM,FALSE
7/31/2022,All Praise To Him,PM,FALSE
7/31/2022,His Mercy Is More,PM,FALSE
8/7/2022,Tis So Sweet To Trust In Jesus,AM,TRUE
8/7/2022,Be Thou My Vision,AM,FALSE
8/7/2022,By Faith,AM,FALSE
8/7/2022,Christ Our Hope In Life And Death,AM,FALSE
8/7/2022,Come Behold The Wondrous Mystery,AM,FALSE
8/7/2022,Solid Rock/My Hope Is Built On Nothing Less,AM,FALSE
8/14/2022,When Trials Come,AM,TRUE
8/14/2022,Behold The Lamb,PM,TRUE
8/14/2022,All Hail The Power Of Jesus Name,AM,FALSE
8/14/2022,All Praise To Him,AM,FALSE
8/14/2022,Before The Throne Of God Above,AM,FALSE
8/14/2022,Great Is Thy Faithfulness,AM,FALSE
8/14/2022,We Will Feast In The House Of Zion,AM,FALSE
8/14/2022,Jesus Strong And Kind,PM,FALSE
8/14/2022,Your Cross O Lord,PM,FALSE
8/21/2022,This Is My Father's World,AM,TRUE
8/21/2022,Ancient of Days,AM,FALSE
8/21/2022,Behold Our God,AM,FALSE
8/21/2022,How Firm A Foundation,AM,FALSE
8/21/2022,It Is Well With My Soul,AM,FALSE
8/21/2022,Not In Me,AM,FALSE
8/28/2022,All Glory Be To Christ,AM,TRUE
8/28/2022,And Can It Be,PM,TRUE
8/28/2022,Come Thou Fount,AM,FALSE
8/28/2022,How Deep The Father's Love For Us,AM,FALSE
8/28/2022,Jesus Strong And Kind,AM,FALSE
8/28/2022,O Fount Of Love,AM,FALSE
8/28/2022,O Great God,AM,FALSE
8/28/2022,All I Have Is Christ,PM,FALSE
8/28/2022,Whate'er My God Ordains Is Right,PM,FALSE
9/4/2022,Hallelujah For The Cross,AM,FALSE
9/4/2022,Praise To The Lord The Almighty,AM,FALSE
9/4/2022,By Faith,AM,FALSE
9/4/2022,Nothing But The Blood,AM,FALSE
9/4/2022,He Will Hold Me Fast,AM,FALSE
9/4/2022,Hallelujah What A Savior,AM,TRUE
9/11/2022,Hallelujah What A Savior,PM,TRUE
9/11/2022,All Hail The Power Of Jesus Name,AM,FALSE
9/11/2022,His Mercy Is More,AM,FALSE
9/11/2022,Holy Holy Holy Lord God Almighty,AM,TRUE
9/11/2022,Jesus Thank You,AM,FALSE
9/11/2022,Solid Rock/My Hope Is Built On Nothing Less,AM,FALSE
9/11/2022,Speak O Lord,AM,FALSE
9/11/2022,The King Of Love,PM,FALSE
9/11/2022,Be Thou My Vision,PM,FALSE
9/11/2022,The King Of Love,PM,FALSE
9/18/2022,Amazing Grace,AM,TRUE
9/18/2022,Come People Of The Risen King,AM,FALSE
9/18/2022,How Firm A Foundation,AM,FALSE
9/18/2022,I Love You Lord,AM,FALSE
9/18/2022,Jesus Thank You,AM,FALSE
9/18/2022,The Power Of The Cross,AM,FALSE
9/25/2022,We Will Feast In The House Of Zion,AM,TRUE
9/25/2022,All Praise To Him,AM,FALSE
9/25/2022,By Faith,AM,FALSE
9/25/2022,O For A Thousand Tongues To Sing,AM,FALSE
9/25/2022,O God Beyond All Praising,AM,FALSE
9/25/2022,See The Destined Day Arise,AM,FALSE
10/2/2022,All Glory Be To Christ,AM,TRUE
10/2/2022,Before The Throne Of God Above,AM,FALSE
10/2/2022,Come Thou Fount,AM,FALSE
10/2/2022,It Was Finished Upon That Cross,AM,FALSE
10/2/2022,See He Comes,AM,FALSE
10/2/2022,The King Of Love,AM,FALSE
10/9/2022,Christ Is Mine Forevermore,AM,TRUE
10/9/2022,Turn Your Eyes,PM,TRUE
10/9/2022,10000 Reasons,AM,FALSE
10/9/2022,Behold Our God,AM,FALSE
10/9/2022,Christ Our Hope In Life And Death,AM,FALSE
10/9/2022,Christ The Sure And Steady Anchor,AM,FALSE
10/9/2022,Holy Holy Holy Lord God Almighty,AM,FALSE
10/9/2022,Praise To The Lord The Almighty,PM,FALSE
10/9/2022,Whate'er My God Ordains Is Right,PM,FALSE
10/16/2022,O Church Arise,AM,TRUE
10/16/2022,Abide With Me,AM,FALSE
10/16/2022,All Creatures Of Our God And King,AM,FALSE
10/16/2022,Before The Throne Of God Above,AM,FALSE
10/16/2022,Come People Of The Risen King,AM,FALSE
10/16/2022,Living Hope,AM,FALSE
10/23/2022,The King Of Love,AM,TRUE
10/23/2022,Behold The Lamb,PM,TRUE
10/23/2022,All Praise To Him,AM,FALSE
10/23/2022,Come Thou Fount,AM,FALSE
10/23/2022,Hallelujah What A Savior,AM,FALSE
10/23/2022,Jesus Strong And Kind,AM,FALSE
10/23/2022,We Will Feast In The House Of Zion,AM,FALSE
10/23/2022,Come To Jesus (Rest In Him),PM,FALSE
10/23/2022,How Firm A Foundation,PM,FALSE
10/30/2022,Amazing Grace,AM,TRUE
10/30/2022,All I Have Is Christ,AM,FALSE
10/30/2022,By Faith,AM,FALSE
10/30/2022,Living Hope,AM,FALSE
10/30/2022,O For A Thousand Tongues To Sing,AM,FALSE
10/30/2022,We Will Glorify,AM,FALSE
11/6/2022,Christ Our Hope In Life And Death,AM,TRUE
11/6/2022,All Hail The Power Of Jesus Name,AM,FALSE
11/6/2022,Come People Of The Risen King,AM,FALSE
11/6/2022,Jesus Strong And Kind,AM,FALSE
11/6/2022,Nothing But The Blood,AM,FALSE
11/6/2022,What A Friend We Have In Jesus,AM,FALSE
11/13/2022,Whate'er My God Ordains Is Right,AM,TRUE
11/13/2022,10000 Reasons,AM,FALSE
11/13/2022,Christ Is Mine Forevermore,AM,FALSE
11/13/2022,Come Behold The Wondrous Mystery,AM,FALSE
11/13/2022,Come Thou Fount,AM,FALSE
11/13/2022,It Is Well With My Soul,AM,FALSE
11/20/2022,Hallelujah For The Cross,AM,TRUE
11/20/2022,All I Have Is Christ,AM,FALSE
11/20/2022,Holy Holy Holy Lord God Almighty,AM,FALSE
11/20/2022,It Was Finished Upon That Cross,AM,FALSE
11/20/2022,Jesus Paid It All,AM,FALSE
11/20/2022,See The Destined Day Arise,AM,FALSE
11/27/2022,Joy To The World,AM,TRUE
11/27/2022,By Faith,AM,FALSE
11/27/2022,Hallelujah What A Savior,AM,FALSE
11/27/2022,Jesus Thank You,AM,FALSE
11/27/2022,On Jordan's Stormy Banks,AM,FALSE
11/27/2022,Solid Rock/My Hope Is Built On Nothing Less,AM,FALSE
12/4/2022,O Come O Come Emmanuel,AM,TRUE
12/4/2022,O Come All Ye Faithful,PM,TRUE
12/4/2022,Afflicted Saint To Christ Draw Near,PM,FALSE
12/4/2022,All Praise To Him,AM,FALSE
12/4/2022,Come Thou Long-Expected Jesus,AM,FALSE
12/4/2022,O Great God,AM,FALSE
12/4/2022,The Gospel Song,AM,FALSE
12/4/2022,Whate'er My God Ordains Is Right,AM,FALSE
12/4/2022,O Fount Of Love,PM,FALSE
12/11/2022,We Will Feast In The House Of Zion,AM,TRUE
12/11/2022,All Creatures Of Our God And King,AM,FALSE
12/11/2022,Come Behold The Wondrous Mystery,AM,FALSE
12/11/2022,Hark! The Herald Angels Sing!,AM,FALSE
12/11/2022,Once In Royal David's City,AM,FALSE
12/11/2022,Praise To The Lord The Almighty,AM,FALSE
12/18/2022,Joy To The World,AM,TRUE
12/18/2022,When I Survey The Wondrous Cross,PM,TRUE
12/18/2022,Angels We Have Heard On High,AM,FALSE
12/18/2022,His Mercy Is More,AM,FALSE
12/18/2022,O Come All You Unfaithful,AM,FALSE
12/18/2022,Only A Holy God,AM,FALSE
12/18/2022,Solid Rock/My Hope Is Built On Nothing Less,AM,FALSE
12/18/2022,Come Thou Long-Expected Jesus,PM,FALSE
12/18/2022,O Come O Come Emmanuel,PM,FALSE
12/25/2022,O Come All Ye Faithful,AM,TRUE
12/25/2022,Angels We Have Heard On High,AM,FALSE
12/25/2022,Go Tell It On The Mountain,AM,FALSE
12/25/2022,Hark! The Herald Angels Sing!,AM,FALSE
12/25/2022,Joy To The World,AM,FALSE
12/25/2022,What Child Is This,AM,FALSE
1/1/2023,All Glory Be To Christ,AM,TRUE
1/1/2023,10000 Reasons,AM,FALSE
1/1/2023,Be Thou My Vision,AM,FALSE
1/1/2023,Immortal Invisible,AM,FALSE
1/1/2023,Thy Mercy My God,AM,FALSE
1/1/2023,Your Will Be Done,AM,FALSE
1/8/2023,Amazing Grace,AM,TRUE
1/8/2023,And Can It Be,PM,TRUE
1/8/2023,All Hail The Power Of Jesus Name,AM,FALSE
1/8/2023,All I Have Is Christ,AM,FALSE
1/8/2023,Come People Of The Risen King,AM,FALSE
1/8/2023,Come Thou Fount,AM,FALSE
1/8/2023,O Church Arise,AM,FALSE
1/8/2023,O Great God,PM,FALSE
1/8/2023,Solid Rock/My Hope Is Built On Nothing Less,PM,FALSE
1/15/2023,He Will Hold Me Fast,AM,TRUE
1/15/2023,Blessed Assurance,AM,FALSE
1/15/2023,Crown Him With Many Crowns,AM,FALSE
1/15/2023,Man Of Sorrows,AM,FALSE
1/15/2023,Thy Mercy My God,AM,FALSE
1/15/2023,When Trials Come,AM,FALSE
1/22/2023,Christ Our Hope In Life And Death,AM,TRUE
1/22/2023,Here Is Love,PM,TRUE
1/22/2023,A Mighty Fortress Is Our God,AM,FALSE
1/22/2023,Across The Lands,AM,FALSE
1/22/2023,Afflicted Saint To Christ Draw Near,AM,FALSE
1/22/2023,All I Have Is Christ,AM,FALSE
1/22/2023,All Praise To Him,AM,FALSE
1/22/2023,Behold The Lamb,PM,FALSE
1/22/2023,Doxology,PM,FALSE
1/22/2023,Jesus Strong And Kind,PM,FALSE
1/22/2023,See The Destined Day Arise,PM,FALSE
1/29/2023,Solid Rock/My Hope Is Built On Nothing Less,AM,TRUE
1/29/2023,By Faith,AM,FALSE
1/29/2023,Christ Is Mine Forevermore,AM,FALSE
1/29/2023,How Firm A Foundation,AM,FALSE
1/29/2023,How Rich A Treasure We Possess,AM,FALSE
1/29/2023,Whate'er My God Ordains Is Right,AM,FALSE
2/5/2023,Yet Not I But Through Christ In Me,AM,TRUE
2/5/2023,Before The Throne Of God Above,AM,FALSE
2/5/2023,His Mercy Is More,AM,FALSE
2/5/2023,O For A Thousand Tongues To Sing,AM,FALSE
2/5/2023,O Great God,AM,FALSE
2/5/2023,When I Survey The Wondrous Cross,AM,FALSE
2/12/2023,In Christ Alone,AM,TRUE
2/12/2023,Come Behold The Wondrous Mystery,AM,FALSE
2/12/2023,Come To Jesus (Rest In Him),AM,FALSE
2/12/2023,Hallelujah What A Savior,AM,FALSE
2/12/2023,Jerusalem,AM,FALSE
2/12/2023,The Gospel Song,AM,FALSE
2/19/2023,Behold The Lamb,AM,TRUE
2/19/2023,Yet Not I But Through Christ In Me,PM,TRUE
2/19/2023,Come Thou Fount,AM,FALSE
2/19/2023,How Rich A Treasure We Possess,AM,FALSE
2/19/2023,Not In Me,AM,FALSE
2/19/2023,O Fount Of Love,AM,FALSE
2/19/2023,Near The Cross,PM,FALSE
2/19/2023,O Great God,PM,FALSE
2/26/2023,What A Friend We Have In Jesus,AM,TRUE
2/26/2023,All Creatures Of Our God And King,AM,FALSE
2/26/2023,Come To Jesus (Rest In Him),AM,FALSE
2/26/2023,Hallelujah For The Cross,AM,FALSE
2/26/2023,Solid Rock/My Hope Is Built On Nothing Less,AM,FALSE
2/26/2023,Speak O Lord,AM,FALSE
3/5/2023,He Will Hold Me Fast,AM,TRUE
3/5/2023,All Glory Be To Christ,PM,TRUE
3/5/2023,10000 Reasons,AM,FALSE
3/5/2023,All Praise To Him,AM,FALSE
3/5/2023,Be Thou My Vision,AM,FALSE
3/5/2023,It Is Well With My Soul,AM,FALSE
3/5/2023,See He Comes,AM,FALSE
3/5/2023,How Firm A Foundation,PM,FALSE
3/5/2023,Whate'er My God Ordains Is Right,PM,FALSE
3/12/2023,All I Have Is Christ,AM,TRUE
3/12/2023,Living Hope,AM,FALSE
3/12/2023,Not In Me,AM,FALSE
3/12/2023,Nothing But The Blood,AM,FALSE
3/12/2023,Praise To The Lord The Almighty,AM,FALSE
3/12/2023,The Power Of The Cross,AM,FALSE
3/19/2023,O Church Arise,AM,TRUE
3/19/2023,In Christ Alone,PM,TRUE
3/19/2023,Across The Lands,AM,FALSE
3/19/2023,Almost Home,AM,FALSE
3/19/2023,Jesus Paid It All,AM,FALSE
3/19/2023,We Will Feast In The House Of Zion,AM,FALSE
3/19/2023,We Will Glorify,AM,FALSE
3/19/2023,There is a Happy Land,PM,FALSE
3/19/2023,Your Will Be Done,PM,FALSE
3/26/2023,All Glory Be To Christ,AM,TRUE
3/26/2023,Christ Is Mine Forevermore,AM,FALSE
3/26/2023,Christ Our Hope In Life And Death,AM,FALSE
3/26/2023,Crown Him With Many Crowns,AM,FALSE
3/26/2023,See The Destined Day Arise,AM,FALSE
3/26/2023,Take My Life And Let It Be,AM,FALSE
4/2/2023,Come Thou Fount,AM,TRUE
4/2/2023,O Fount Of Love,PM,TRUE
4/2/2023,All Creatures Of Our God And King,AM,FALSE
4/2/2023,Great Is Thy Faithfulness,AM,FALSE
4/2/2023,How Rich A Treasure We Possess,AM,FALSE
4/2/2023,O Great God,AM,FALSE
4/2/2023,What A Friend We Have In Jesus,AM,FALSE
4/2/2023,Ancient of Days,PM,FALSE
4/2/2023,Dear Refuge Of My Weary Soul,PM,FALSE
4/2/2023,When I Survey The Wondrous Cross,PM,FALSE
4/9/2023,In Christ Alone,AM,TRUE
4/9/2023,Behold Our God,AM,FALSE
4/9/2023,Christ Is Risen He Is Risen Indeed,AM,FALSE
4/9/2023,Come Behold The Wondrous Mystery,AM,FALSE
4/9/2023,Crown Him With Many Crowns,AM,FALSE
4/9/2023,Hallelujah What A Savior,AM,FALSE
4/16/2023,When I Survey The Wondrous Cross,AM,TRUE
4/16/2023,Be Thou My Vision,AM,FALSE
4/16/2023,Christ Is Mine Forevermore,AM,FALSE
4/16/2023,Holy Holy Holy Lord God Almighty,AM,FALSE
4/16/2023,I Will Glory in My Redeemer,AM,FALSE
4/16/2023,Thy Mercy My God,AM,FALSE
4/23/2023,All Glory Be To Christ,AM,TRUE
4/23/2023,All Hail The Power Of Jesus Name,AM,FALSE
4/23/2023,Before The Throne Of God Above,AM,FALSE
4/23/2023,Behold Our God,AM,FALSE
4/23/2023,I Will Glory in My Redeemer,AM,FALSE
4/23/2023,O For A Thousand Tongues To Sing,AM,FALSE
4/30/2023,Yet Not I But Through Christ In Me,AM,TRUE
4/30/2023,O God Beyond All Praising,PM,TRUE
4/30/2023,Come To Jesus (Rest In Him),AM,FALSE
4/30/2023,His Mercy Is More,AM,FALSE
4/30/2023,Only A Holy God,AM,FALSE
4/30/2023,Solid Rock/My Hope Is Built On Nothing Less,AM,FALSE
4/30/2023,The Power Of The Cross,AM,FALSE
4/30/2023,All I Have Is Christ,PM,FALSE
4/30/2023,My Jesus Fair,PM,FALSE
5/7/2023,All Peoples That on Earth Do Dwell,AM,TRUE
5/7/2023,Ancient of Days,AM,FALSE
5/7/2023,Come Behold The Wondrous Mystery,AM,FALSE
5/7/2023,May the Peoples Praise You,AM,FALSE
5/7/2023,Praise To The Lord The Almighty,AM,FALSE
5/7/2023,Speak O Lord,AM,FALSE
5/14/2023,Amazing Grace,AM,TRUE
5/14/2023,See The Destined Day Arise,PM,TRUE
5/14/2023,All Creatures Of Our God And King,AM,FALSE
5/14/2023,How Rich A Treasure We Possess,AM,FALSE
5/14/2023,Immortal Invisible,AM,FALSE
5/14/2023,Jesus Strong And Kind,AM,FALSE
5/14/2023,Rejoice The Lord Is King,AM,FALSE
5/14/2023,Christ The True And Better,PM,FALSE
5/14/2023,The King Of Love,PM,FALSE
5/21/2023,All I Have Is Christ,AM,TRUE
5/21/2023,There Is A Fountain,PM,TRUE
5/21/2023,Before The Throne Of God Above,AM,FALSE
5/21/2023,Christ The True And Better,AM,FALSE
5/21/2023,Holy Holy Holy Lord God Almighty,AM,FALSE
5/21/2023,May the Peoples Praise You,AM,FALSE
5/21/2023,We Will Glorify,AM,FALSE
5/21/2023,All Praise To Him,PM,FALSE
5/21/2023,The Goodness Of Jesus,PM,FALSE
5/28/2023,Christ Our Hope In Life And Death,AM,TRUE
5/28/2023,10000 Reasons,AM,FALSE
5/28/2023,Be Thou My Vision,AM,FALSE
5/28/2023,Come To Jesus (Rest In Him),AM,FALSE
5/28/2023,Solid Rock/My Hope Is Built On Nothing Less,AM,FALSE
5/28/2023,Yet Not I But Through Christ In Me,AM,FALSE
6/4/2023,See He Comes,AM,TRUE
6/4/2023,His Mercy Is More,AM,FALSE
6/4/2023,How Firm A Foundation,AM,FALSE
6/4/2023,Living Hope,AM,FALSE
6/4/2023,My Jesus I Love Thee,AM,FALSE
6/4/2023,O Great God,AM,FALSE
6/11/2023,Yet Not I But Through Christ In Me,AM,TRUE
6/11/2023,All Creatures Of Our God And King,AM,FALSE
6/11/2023,Behold Our God,AM,FALSE
6/11/2023,Come People Of The Risen King,AM,FALSE
6/11/2023,Hallelujah What A Savior,AM,FALSE
6/11/2023,See The Destined Day Arise,AM,FALSE
6/18/2023,Amazing Grace,AM,TRUE
6/18/2023,All I Have Is Christ,AM,FALSE
6/18/2023,Come Behold The Wondrous Mystery,AM,FALSE
6/18/2023,Hallelujah For The Cross,AM,FALSE
6/18/2023,Holy Holy Holy Lord God Almighty,AM,FALSE
6/18/2023,Jesus Strong And Kind,AM,FALSE
6/25/2023,Jesus Paid It All,AM,TRUE
6/25/2023,There is a Happy Land,PM,TRUE
6/25/2023,All Glory Be To Christ,AM,FALSE
6/25/2023,All Hail The Power Of Jesus Name,AM,FALSE
6/25/2023,Christ Our Hope In Life And Death,AM,FALSE
6/25/2023,How Rich A Treasure We Possess,AM,FALSE
6/25/2023,Not In Me,AM,FALSE
6/25/2023,Grace Greater Than Our Sin,PM,FALSE
6/25/2023,Thy Mercy My God,PM,FALSE
7/2/2023,The King Of Love,AM,TRUE
7/2/2023,All Creatures Of Our God And King,AM,FALSE
7/2/2023,Behold Our God,AM,FALSE
7/2/2023,Doxology,AM,FALSE
7/2/2023,May the Peoples Praise You,AM,FALSE
7/2/2023,See He Comes,AM,FALSE
7/2/2023,We Will Glorify,AM,FALSE
7/9/2023,There Is A Fountain,AM,TRUE
7/9/2023,Man Of Sorrows,PM,TRUE
7/9/2023,Before The Throne Of God Above,AM,FALSE
7/9/2023,Dear Refuge Of My Weary Soul,AM,FALSE
7/9/2023,Hallelujah For The Cross,AM,FALSE
7/9/2023,Hallelujah What A Savior,AM,FALSE
7/9/2023,Solid Rock/My Hope Is Built On Nothing Less,AM,FALSE
7/9/2023,I Will Glory in My Redeemer,PM,FALSE
7/9/2023,Immortal Invisible,PM,FALSE
7/16/2023,All Glory Be To Christ,AM,TRUE
7/16/2023,Across The Lands,AM,FALSE
7/16/2023,I Will Trust My Saviour Jesus,AM,FALSE
7/16/2023,Jesus What A Friend For Sinners,AM,FALSE
7/16/2023,O For A Thousand Tongues To Sing,AM,FALSE
7/16/2023,Praise To The Lord The Almighty,AM,FALSE
7/23/2023,We Will Feast In The House Of Zion,AM,TRUE
7/23/2023,Yet Not I But Through Christ In Me,PM,TRUE
7/23/2023,All Hail The Power Of Jesus Name,AM,FALSE
7/23/2023,Christ The True And Better,AM,FALSE
7/23/2023,God Is For Us,AM,FALSE
7/23/2023,His Mercy Is More,AM,FALSE
7/23/2023,Solid Rock/My Hope Is Built On Nothing Less,AM,FALSE
7/23/2023,O Fount Of Love,PM,FALSE
7/23/2023,The Sands of Time Are Sinking,PM,FALSE
7/30/2023,Be Thou My Vision,AM,TRUE
7/30/2023,Crown Him With Many Crowns,AM,FALSE
7/30/2023,How Rich A Treasure We Possess,AM,FALSE
7/30/2023,See The Destined Day Arise,AM,FALSE
7/30/2023,When Trials Come,AM,FALSE
7/30/2023,Your Will Be Done,AM,FALSE
8/6/2023,Christ Our Hope In Life And Death,AM,TRUE
8/6/2023,All Hail The Power Of Jesus Name,AM,FALSE
8/6/2023,Ancient of Days,AM,FALSE
8/6/2023,Come Behold The Wondrous Mystery,AM,FALSE
8/6/2023,Holy Holy Holy Lord God Almighty,AM,FALSE
8/6/2023,We Will Glorify,AM,FALSE
8/13/2023,There is a Happy Land,AM,TRUE
8/13/2023,All Creatures Of Our God And King,AM,FALSE
8/13/2023,All I Have Is Christ,AM,FALSE
8/13/2023,Christ The Sure And Steady Anchor,AM,FALSE
8/13/2023,Come Thou Fount,AM,FALSE
8/13/2023,Living Hope,AM,FALSE
8/20/2023,He Will Hold Me Fast,AM,TRUE
8/20/2023,Behold The Lamb,PM,TRUE
8/20/2023,God Is For Us,AM,FALSE
8/20/2023,How Firm A Foundation,AM,FALSE
8/20/2023,I Will Trust My Saviour Jesus,AM,FALSE
8/20/2023,Solid Rock/My Hope Is Built On Nothing Less,AM,FALSE
8/20/2023,When Trials Come,AM,FALSE
8/20/2023,Jesus Strong And Kind,PM,FALSE
8/20/2023,Rock Of Ages,PM,FALSE
8/27/2023,In Christ Alone,AM,TRUE
8/27/2023,All Peoples That on Earth Do Dwell,AM,FALSE
8/27/2023,Holy Holy Holy Lord God Almighty,AM,FALSE
8/27/2023,How Rich A Treasure We Possess,AM,FALSE
8/27/2023,May the Peoples Praise You,AM,FALSE
8/27/2023,O Great God,AM,FALSE
9/3/2023,All Glory Be To Christ,AM,TRUE
9/3/2023,There is a Happy Land,PM,TRUE
9/3/2023,10000 Reasons,AM,FALSE
9/3/2023,Behold Our God,AM,FALSE
9/3/2023,Crown Him With Many Crowns,AM,FALSE
9/3/2023,Speak O Lord,AM,FALSE
9/3/2023,Whate'er My God Ordains Is Right,AM,FALSE
9/3/2023,On Jordan's Stormy Banks,PM,FALSE
9/3/2023,Tis So Sweet To Trust In Jesus,PM,FALSE
9/10/2023,We Will Glorify,AM,TRUE
9/10/2023,All Praise To Him,AM,FALSE
9/10/2023,Hallelujah For The Cross,AM,FALSE
9/10/2023,It Is Well With My Soul,AM,FALSE
9/10/2023,Man Of Sorrows,AM,FALSE
9/10/2023,Only A Holy God,AM,FALSE
9/17/2023,O Church Arise,AM,TRUE
9/17/2023,We Will Feast In The House Of Zion,PM,TRUE
9/17/2023,Christ Is Mine Forevermore,AM,FALSE
9/17/2023,Come Thou Fount,AM,FALSE
9/17/2023,How Rich A Treasure We Possess,AM,FALSE
9/17/2023,I Will Glory in My Redeemer,AM,FALSE
9/17/2023,Jesus Paid It All,AM,FALSE
9/17/2023,How Sweet And Aweful Is The Place,PM,FALSE
9/17/2023,O Fount Of Love,PM,FALSE
9/24/2023,How Deep The Father's Love For Us,AM,TRUE
9/24/2023,God Is For Us,AM,FALSE
9/24/2023,His Mercy Is More,AM,FALSE
9/24/2023,Jesus What A Friend For Sinners,AM,FALSE
9/24/2023,My Jesus I Love Thee,AM,FALSE
9/24/2023,Yet Not I But Through Christ In Me,AM,FALSE
10/1/2023,Be Thou My Vision,AM,TRUE
10/1/2023,We Will Glorify,PM,TRUE
10/1/2023,All Hail The Power Of Jesus Name,AM,FALSE
10/1/2023,All Praise To Him,AM,FALSE
10/1/2023,Before The Throne Of God Above,AM,FALSE
10/1/2023,Christ The True And Better,AM,FALSE
10/1/2023,May the Peoples Praise You,AM,FALSE
10/1/2023,Come Behold The Wondrous Mystery,PM,FALSE
10/1/2023,Thy Mercy My God,PM,FALSE
10/8/2023,Amazing Grace,AM,TRUE
10/8/2023,10000 Reasons,AM,FALSE
10/8/2023,Afflicted Saint To Christ Draw Near,AM,FALSE
10/8/2023,Not In Me,AM,FALSE
10/8/2023,Solid Rock/My Hope Is Built On Nothing Less,AM,FALSE
10/8/2023,The Goodness Of Jesus,AM,FALSE
10/15/2023,He Will Hold Me Fast,AM,TRUE
10/15/2023,Doxology,PM,TRUE
10/15/2023,And Can It Be,AM,FALSE
10/15/2023,Christ Our Hope In Life And Death,AM,FALSE
10/15/2023,Hallelujah For The Cross,AM,FALSE
10/15/2023,Holy Holy Holy Lord God Almighty,AM,FALSE
10/15/2023,O Great God,AM,FALSE
10/15/2023,Bless The Lord O My Soul (Psalm 103),PM,FALSE
10/15/2023,The Sands of Time Are Sinking,PM,FALSE
10/22/2023,See The Destined Day Arise,AM,TRUE
10/22/2023,Behold Our God,AM,FALSE
10/22/2023,How Firm A Foundation,AM,FALSE
10/22/2023,How Rich A Treasure We Possess,AM,FALSE
10/22/2023,Whate'er My God Ordains Is Right,AM,FALSE
10/22/2023,When Trials Come,AM,FALSE
10/29/2023,See He Comes,AM,TRUE
10/29/2023,All Hail The Power Of Jesus Name,AM,FALSE
10/29/2023,Bless The Lord O My Soul (Psalm 103),AM,FALSE
10/29/2023,Christ The Sure And Steady Anchor,AM,FALSE
10/29/2023,Come Behold The Wondrous Mystery,AM,FALSE
10/29/2023,Hallelujah What A Savior,AM,FALSE
11/5/2023,Yet Not I But Through Christ In Me,AM,TRUE
11/5/2023,Come Thou Fount,AM,FALSE
11/5/2023,Crown Him With Many Crowns,AM,FALSE
11/5/2023,God Is For Us,AM,FALSE
11/5/2023,His Mercy Is More,AM,FALSE
11/5/2023,O Great God,AM,FALSE
11/12/2023,When I Survey The Wondrous Cross,AM,TRUE
11/12/2023,We Will Glorify,PM,TRUE
11/12/2023,All I Have Is Christ,AM,FALSE
11/12/2023,Christ Is Mine Forevermore,AM,FALSE
11/12/2023,How Rich A Treasure We Possess,AM,FALSE
11/12/2023,I Will Glory in My Redeemer,AM,FALSE
11/12/2023,O For A Thousand Tongues To Sing,AM,FALSE
11/12/2023,Jerusalem My Happy Home,PM,FALSE
11/12/2023,My Worth is Not in What I Own,PM,FALSE
11/19/2023,We Will Feast In The House Of Zion,AM,TRUE
11/19/2023,Behold The Lamb,AM,FALSE
11/19/2023,Jerusalem,AM,FALSE
11/19/2023,Jesus Strong And Kind,AM,FALSE
11/19/2023,See The Destined Day Arise,AM,FALSE
11/19/2023,Solid Rock/My Hope Is Built On Nothing Less,AM,FALSE
11/26/2023,All Glory Be To Christ,AM,TRUE
11/26/2023,Turn Your Eyes,PM,TRUE
11/26/2023,Behold Our God,AM,FALSE
11/26/2023,Come Behold The Wondrous Mystery,AM,FALSE
11/26/2023,Come People Of The Risen King,AM,FALSE
11/26/2023,Immortal Invisible,AM,FALSE
11/26/2023,Rock Of Ages,AM,FALSE
11/26/2023,My Worth is Not in What I Own,PM,FALSE
11/26/2023,There is a Happy Land,PM,FALSE
12/3/2023,O Come O Come Emmanuel,AM,TRUE
12/3/2023,All Hail The Power Of Jesus Name,AM,FALSE
12/3/2023,Christ Our Hope In Life And Death,AM,FALSE
12/3/2023,Come Thou Long-Expected Jesus,AM,FALSE
12/3/2023,Joy Has Dawned,AM,FALSE
12/3/2023,Yet Not I But Through Christ In Me,AM,FALSE
12/10/2023,O Come All Ye Faithful,AM,TRUE
12/10/2023,The King Of Love,PM,TRUE
12/10/2023,Christ The True And Better,AM,FALSE
12/10/2023,Joyful Joyful We Adore Thee,AM,FALSE
12/10/2023,O Little Town of Bethlehem,AM,FALSE
12/10/2023,Praise To The Lord The Almighty,AM,FALSE
12/10/2023,Sing We The Song of Emmanuel,AM,FALSE
12/10/2023,How Firm A Foundation,PM,FALSE
12/10/2023,Once In Royal David's City,PM,FALSE
12/17/2023,In Christ Alone,AM,TRUE
12/17/2023,Come Behold The Wondrous Mystery,AM,FALSE
12/17/2023,Come Thou Long-Expected Jesus,AM,FALSE
12/17/2023,Not In Me,AM,FALSE
12/17/2023,O Come All You Unfaithful,AM,FALSE
12/17/2023,O Come O Come Emmanuel,AM,FALSE
12/24/2023,Joy To The World,AM,TRUE
12/24/2023,Joy To The World,PM,TRUE
12/24/2023,Crown Him With Many Crowns,AM,FALSE
12/24/2023,Go Tell It On The Mountain,AM,FALSE
12/24/2023,Hark! The Herald Angels Sing!,AM,FALSE
12/24/2023,Sing We The Song of Emmanuel,AM,FALSE
12/24/2023,What Child Is This,AM,FALSE
12/24/2023,Angels We Have Heard On High,PM,FALSE
12/24/2023,Jesus Joy Of The Highest Heaven,PM,FALSE
12/24/2023,O Come All Ye Faithful,PM,FALSE
12/24/2023,O Come O Come Emmanuel,PM,FALSE
12/24/2023,O Little Town of Bethlehem,PM,FALSE
12/24/2023,Once In Royal David's City,PM,FALSE
12/24/2023,Silent Night,PM,FALSE
12/31/2023,All Glory Be To Christ,AM,TRUE
12/31/2023,Come Thou Fount,AM,FALSE
12/31/2023,Great Is Thy Faithfulness,AM,FALSE
12/31/2023,O Great God,AM,FALSE
12/31/2023,Only A Holy God,AM,FALSE
12/31/2023,Praise To The Lord The Almighty,AM,FALSE
1/7/2024,Yet Not I But Through Christ In Me,AM,TRUE
1/7/2024,He Will Hold Me Fast,PM,TRUE
1/7/2024,Christ Our Hope In Life And Death,AM,FALSE
1/7/2024,Come Behold The Wondrous Mystery,AM,FALSE
1/7/2024,God Is For Us,AM,FALSE
1/7/2024,Holy Holy Holy Lord God Almighty,AM,FALSE
1/7/2024,Solid Rock/My Hope Is Built On Nothing Less,AM,FALSE
1/7/2024,Bless The Lord O My Soul (Psalm 103),PM,FALSE
1/7/2024,O Lord My Rock and My Redeemer,PM,FALSE
1/14/2024,He Will Hold Me Fast,AM,TRUE
1/14/2024,All I Have Is Christ,AM,FALSE
1/14/2024,Great Is Thy Faithfulness,AM,FALSE
1/14/2024,How Firm A Foundation,AM,FALSE
1/14/2024,Jerusalem,AM,FALSE
1/14/2024,See The Destined Day Arise,AM,FALSE
1/21/2024,Christ The True And Better,AM,TRUE
1/21/2024,Afflicted Saint To Christ Draw Near,PM,TRUE
1/21/2024,10000 Reasons,AM,FALSE
1/21/2024,All Creatures Of Our God And King,AM,FALSE
1/21/2024,Behold Our God,AM,FALSE
1/21/2024,Hallelujah What A Savior,AM,FALSE
1/21/2024,Your Will Be Done,AM,FALSE
1/21/2024,His Mercy Is More,PM,FALSE
1/21/2024,My Jesus Fair,PM,FALSE
1/28/2024,When Trials Come,AM,TRUE
1/28/2024,Bless The Lord O My Soul (Psalm 103),AM,FALSE
1/28/2024,I Set My Hope On Jesus,AM,FALSE
1/28/2024,It Is Well With My Soul,AM,FALSE
1/28/2024,O For A Thousand Tongues To Sing,AM,FALSE
1/28/2024,O Lord My Rock and My Redeemer,AM,FALSE
2/4/2024,Before The Throne Of God Above,AM,TRUE
2/4/2024,There Is A Fountain,PM,TRUE
2/4/2024,Ancient of Days,AM,FALSE
2/4/2024,Holy Holy Holy Lord God Almighty,AM,FALSE
2/4/2024,It Was Finished Upon That Cross,AM,FALSE
2/4/2024,See He Comes,AM,FALSE
2/4/2024,The Power Of The Cross,AM,FALSE
2/11/2024,Dear Refuge Of My Weary Soul,AM,TRUE
2/11/2024,Come Thou Fount,AM,FALSE
2/11/2024,His Mercy Is More,AM,FALSE
2/11/2024,I Set My Hope On Jesus,AM,FALSE
2/11/2024,Jesus Paid It All,AM,FALSE
2/11/2024,Not In Me,AM,FALSE
2/18/2024,Yet Not I But Through Christ In Me,AM,TRUE
2/18/2024,The King Of Love,PM,TRUE
2/18/2024,Christ Our Hope In Life And Death,AM,FALSE
2/18/2024,Crown Him With Many Crowns,AM,FALSE
2/18/2024,He Will Hold Me Fast,AM,FALSE
2/18/2024,May the Peoples Praise You,AM,FALSE
2/18/2024,O Great God,AM,FALSE
2/18/2024,He Gives More Grace,PM,FALSE
2/18/2024,Tis So Sweet To Trust In Jesus,PM,FALSE
2/25/2024,See The Destined Day Arise,AM,TRUE
2/25/2024,All Praise To Him,AM,FALSE
2/25/2024,Hallelujah What A Savior,AM,FALSE
2/25/2024,Jerusalem,AM,FALSE
2/25/2024,Man Of Sorrows,AM,FALSE
2/25/2024,My Worth is Not in What I Own,AM,FALSE
3/3/2024,Hallelujah For The Cross,AM,TRUE
3/3/2024,My Jesus Fair,PM,TRUE
3/3/2024,And Can It Be,AM,FALSE
3/3/2024,Behold Our God,AM,FALSE
3/3/2024,How Deep The Father's Love For Us,AM,FALSE
3/3/2024,Jesus Paid It All,AM,FALSE
3/3/2024,O Fount Of Love,AM,FALSE
3/3/2024,His Mercy Is More,PM,FALSE
3/3/2024,Stricken Smitten And Afflicted,PM,FALSE
3/10/2024,Behold The Lamb,AM,TRUE
3/10/2024,Man Of Sorrows,AM,FALSE
3/10/2024,Nothing But The Blood,AM,FALSE
3/10/2024,Stricken Smitten And Afflicted,AM,FALSE
3/10/2024,The Power Of The Cross,AM,FALSE
3/10/2024,When I Survey The Wondrous Cross,AM,FALSE
3/17/2024,Christ Our Hope In Life And Death,AM,TRUE
3/17/2024,We Will Feast In The House Of Zion,PM,TRUE
3/17/2024,How Firm A Foundation,AM,FALSE
3/17/2024,I Set My Hope On Jesus,AM,FALSE
3/17/2024,O For A Thousand Tongues To Sing,AM,FALSE
3/17/2024,Whate'er My God Ordains Is Right,AM,FALSE
3/17/2024,When Trials Come,AM,FALSE
3/17/2024,Near The Cross,PM,FALSE
3/17/2024,O Fount Of Love,PM,FALSE
3/24/2024,Hallelujah For The Cross,AM,TRUE
3/24/2024,Abide With Me,AM,FALSE
3/24/2024,All Praise To Him,AM,FALSE
3/24/2024,I Will Glory in My Redeemer,AM,FALSE
3/24/2024,Living Hope,AM,FALSE
3/24/2024,There Is A Fountain,AM,FALSE
3/31/2024,In Christ Alone,AM,TRUE
3/31/2024,Christ Is Risen He Is Risen Indeed,AM,FALSE
3/31/2024,Christ Our Hope In Life And Death,AM,FALSE
3/31/2024,Come Behold The Wondrous Mystery,AM,FALSE
3/31/2024,Crown Him With Many Crowns,AM,FALSE
3/31/2024,Man Of Sorrows,AM,FALSE
4/7/2024,When Trials Come,AM,TRUE
4/7/2024,How Firm A Foundation,PM,TRUE
4/7/2024,Bless The Lord O My Soul (Psalm 103),AM,FALSE
4/7/2024,Dear Refuge Of My Weary Soul,AM,FALSE
4/7/2024,Immortal Invisible,AM,FALSE
4/7/2024,It Is Well With My Soul,AM,FALSE
4/7/2024,Tis So Sweet To Trust In Jesus,AM,FALSE
4/7/2024,Alas And Did My Savior Bleed,PM,FALSE
4/7/2024,Christ Is Mine Forevermore,PM,FALSE
4/14/2024,Jesus Strong And Kind,AM,TRUE
4/14/2024,All Creatures Of Our God And King,AM,FALSE
4/14/2024,Come Thou Fount,AM,FALSE
4/14/2024,Come Unto Jesus,AM,FALSE
4/14/2024,How Sweet And Aweful Is The Place,AM,FALSE
4/14/2024,Speak O Lord,AM,FALSE
4/21/2024,Yet Not I But Through Christ In Me,AM,TRUE
4/21/2024,Be Thou My Vision,AM,FALSE
4/21/2024,Holy Holy Holy Lord God Almighty,AM,FALSE
4/21/2024,O Fount Of Love,AM,FALSE
4/21/2024,O Great God,AM,FALSE
4/21/2024,Solid Rock/My Hope Is Built On Nothing Less,AM,FALSE
4/28/2024,All Glory Be To Christ,AM,TRUE
4/28/2024,Ancient of Days,AM,FALSE
4/28/2024,Behold Our God,AM,FALSE
4/28/2024,Come Unto Jesus,AM,FALSE
4/28/2024,O For A Thousand Tongues To Sing,AM,FALSE
4/28/2024,We Will Glorify,AM,FALSE
5/5/2024,Whate'er My God Ordains Is Right,AM,TRUE
5/5/2024,Solid Rock/My Hope Is Built On Nothing Less,PM,TRUE
5/5/2024,10000 Reasons,AM,FALSE
5/5/2024,Christ The True And Better,AM,FALSE
5/5/2024,He Will Hold Me Fast,AM,FALSE
5/5/2024,How Rich A Treasure We Possess,AM,FALSE
5/5/2024,Jerusalem My Happy Home,AM,FALSE
5/5/2024,Be Thou My Vision,PM,FALSE
5/5/2024,Hallelujah For The Cross,PM,FALSE
5/12/2024,It Is Well With My Soul,AM,TRUE
5/12/2024,All I Have Is Christ,AM,FALSE
5/12/2024,And Can It Be,AM,FALSE
5/12/2024,Come People Of The Risen King,AM,FALSE
5/12/2024,Come Unto Jesus,AM,FALSE
5/12/2024,Nothing But The Blood,AM,FALSE
5/19/2024,Christ Our Hope In Life And Death,AM,TRUE
5/19/2024,We Will Feast In The House Of Zion,PM,TRUE
5/19/2024,All Creatures Of Our God And King,AM,FALSE
5/19/2024,How Sweet And Aweful Is The Place,AM,FALSE
5/19/2024,Not In Me,AM,FALSE
5/19/2024,Oh How Good It Is,AM,FALSE
5/19/2024,See The Destined Day Arise,AM,FALSE
5/19/2024,Bless The Lord O My Soul (Psalm 103),PM,FALSE
5/19/2024,Stricken Smitten And Afflicted,PM,FALSE
5/26/2024,In Christ Alone,AM,TRUE
5/26/2024,All I Have Is Christ,AM,FALSE
5/26/2024,Dear Refuge Of My Weary Soul,AM,FALSE
5/26/2024,God Is For Us,AM,FALSE
5/26/2024,I Will Glory in My Redeemer,AM,FALSE
5/26/2024,Praise To The Lord The Almighty,AM,FALSE
6/2/2024,All Glory Be To Christ,AM,TRUE
6/2/2024,When I Survey The Wondrous Cross,PM,TRUE
6/2/2024,All Praise To Him,AM,FALSE
6/2/2024,Be Thou My Vision,AM,FALSE
6/2/2024,Bless The Lord O My Soul (Psalm 103),AM,FALSE
6/2/2024,Great Is Thy Faithfulness,AM,FALSE
6/2/2024,How Rich A Treasure We Possess,AM,FALSE
6/2/2024,It Was Finished Upon That Cross,PM,FALSE
6/2/2024,We Will Glorify,PM,FALSE
6/9/2024,Yet Not I But Through Christ In Me,AM,TRUE
6/9/2024,10000 Reasons,AM,FALSE
6/9/2024,Come Thou Fount,AM,FALSE
6/9/2024,His Mercy Is More,AM,FALSE
6/9/2024,Jesus What A Friend For Sinners,AM,FALSE
6/9/2024,Solid Rock/My Hope Is Built On Nothing Less,AM,FALSE
6/16/2024,Christ Is Mine Forevermore,AM,TRUE
6/16/2024,Christ The Sure And Steady Anchor,PM,TRUE
6/16/2024,Come Behold The Wondrous Mystery,AM,FALSE
6/16/2024,Jerusalem My Happy Home,AM,FALSE
6/16/2024,May the Peoples Praise You,AM,FALSE
6/16/2024,Praise To The Lord The Almighty,AM,FALSE
6/16/2024,Turn Your Eyes,AM,FALSE
6/16/2024,Almost Home,PM,FALSE
6/16/2024,Thy Mercy My God,PM,FALSE
6/23/2024,Solid Rock/My Hope Is Built On Nothing Less,AM,TRUE
6/23/2024,All I Have Is Christ,AM,FALSE
6/23/2024,Holy Holy Holy Lord God Almighty,AM,FALSE
6/23/2024,O For A Thousand Tongues To Sing,AM,FALSE
6/23/2024,O Great God,AM,FALSE
6/23/2024,Rock Of Ages,AM,FALSE
6/30/2024,And Can It Be,AM,TRUE
6/30/2024,Before The Throne Of God Above,PM,TRUE
6/30/2024,All Creatures Of Our God And King,AM,FALSE
6/30/2024,Come Behold The Wondrous Mystery,AM,FALSE
6/30/2024,Dear Refuge Of My Weary Soul,AM,FALSE
6/30/2024,God Is For Us,AM,FALSE
6/30/2024,Jesus Strong And Kind,AM,FALSE
6/30/2024,Come Thou Fount,PM,FALSE
6/30/2024,His Mercy Is More,PM,FALSE
7/7/2024,Amazing Grace,AM,TRUE
7/7/2024,Christ The True And Better,AM,FALSE
7/7/2024,Come People Of The Risen King,AM,FALSE
7/7/2024,Come Thou Fount,AM,FALSE
7/7/2024,My Jesus Fair,AM,FALSE
7/7/2024,Not In Me,AM,FALSE
7/14/2024,We Will Feast In The House Of Zion,AM,TRUE
7/14/2024,All Glory Be To Christ,AM,FALSE
7/14/2024,Christ Our Hope In Life And Death,AM,FALSE
7/14/2024,Crown Him With Many Crowns,AM,FALSE
7/14/2024,Jerusalem My Happy Home,AM,FALSE
7/14/2024,On Jordan's Stormy Banks,AM,FALSE
7/21/2024,Yet Not I But Through Christ In Me,AM,TRUE
7/21/2024,Behold Our God,AM,FALSE
7/21/2024,Come Behold The Wondrous Mystery,AM,FALSE
7/21/2024,Dear Refuge Of My Weary Soul,AM,FALSE
7/21/2024,In Christ Alone,AM,FALSE
7/21/2024,Living Hope,AM,FALSE
7/28/2024,And Can It Be,AM,TRUE
7/28/2024,We Will Feast In The House Of Zion,PM,TRUE
7/28/2024,All Praise To Him,AM,FALSE
7/28/2024,Bless The Lord O My Soul (Psalm 103),AM,FALSE
7/28/2024,His Mercy Is More,AM,FALSE
7/28/2024,How Deep The Father's Love For Us,AM,FALSE
7/28/2024,Speak O Lord,AM,FALSE
7/28/2024,Here Is Love,PM,FALSE
7/28/2024,Oh How Good It Is,PM,FALSE
8/4/2024,The King Of Love,AM,TRUE
8/4/2024,He Will Hold Me Fast,AM,FALSE
8/4/2024,How Firm A Foundation,AM,FALSE
8/4/2024,I Will Glory in My Redeemer,AM,FALSE
8/4/2024,The Lord Is By My Side,AM,FALSE
8/4/2024,Yet Not I But Through Christ In Me,AM,FALSE
8/11/2024,Jesus Paid It All,AM,TRUE
8/11/2024,Rock Of Ages,PM,TRUE
8/11/2024,Be Thou My Vision,AM,FALSE
8/11/2024,Before The Throne Of God Above,AM,FALSE
8/11/2024,Holy Holy Holy Lord God Almighty,AM,FALSE
8/11/2024,O Great God,AM,FALSE
8/11/2024,Oh How Good It Is,AM,FALSE
8/11/2024,Christ Our Wisdom,PM,FALSE
8/11/2024,There Is A Fountain,PM,FALSE
8/18/2024,The Power Of The Cross,AM,TRUE
8/18/2024,Come People Of The Risen King,AM,FALSE
8/18/2024,How Firm A Foundation,AM,FALSE
8/18/2024,In Christ Alone,AM,FALSE
8/18/2024,Oh How Good It Is,AM,FALSE
8/18/2024,Speak O Lord,AM,FALSE
8/25/2024,All Glory Be To Christ,AM,TRUE
8/25/2024,All Hail The Power Of Jesus Name,AM,FALSE
8/25/2024,Come Behold The Wondrous Mystery,AM,FALSE
8/25/2024,Hallelujah For The Cross,AM,FALSE
8/25/2024,How Sweet And Aweful Is The Place,AM,FALSE
8/25/2024,Only A Holy God,AM,FALSE
9/1/2024,O Great God,AM,TRUE
9/1/2024,Bless The Lord O My Soul (Psalm 103),AM,FALSE
9/1/2024,Crown Him With Many Crowns,AM,FALSE
9/1/2024,God Is For Us,AM,FALSE
9/1/2024,Not In Me,AM,FALSE
9/1/2024,See The Destined Day Arise,AM,FALSE
9/8/2024,All I Have Is Christ,AM,TRUE
9/8/2024,Jesus Strong And Kind,PM,TRUE
9/8/2024,10000 Reasons,AM,FALSE
9/8/2024,All Creatures Of Our God And King,AM,FALSE
9/8/2024,Come Thou Fount,AM,FALSE
9/8/2024,His Mercy Is More,AM,FALSE
9/8/2024,It Is Well With My Soul,AM,FALSE
9/8/2024,Jesus What A Friend For Sinners,PM,FALSE
9/8/2024,O Praise the Name,PM,FALSE
9/15/2024,Yet Not I But Through Christ In Me,AM,TRUE
9/15/2024,Afflicted Saint To Christ Draw Near,AM,FALSE
9/15/2024,All Praise To Him,AM,FALSE
9/15/2024,Be Thou My Vision,AM,FALSE
9/15/2024,Christ Our Hope In Life And Death,AM,FALSE
9/15/2024,God Is For Us,AM,FALSE
9/22/2024,See The Destined Day Arise,AM,TRUE
9/22/2024,We Will Feast In The House Of Zion,PM,TRUE
9/22/2024,It Was Finished Upon That Cross,AM,FALSE
9/22/2024,How Firm A Foundation,AM,FALSE
9/22/2024,Hallelujah What A Savior,AM,FALSE
9/22/2024,When Trials Come,AM,FALSE
9/22/2024,Rock Of Ages,AM,FALSE
9/22/2024,O Praise the Name,PM,FALSE
9/22/2024,Christ Is Mine Forevermore,PM,FALSE
9/29/2024,O Praise the Name,AM,TRUE
9/29/2024,I Will Glory in My Redeemer,AM,FALSE
9/29/2024,Praise To The Lord The Almighty,AM,FALSE
9/29/2024,Solid Rock/My Hope Is Built On Nothing Less,AM,FALSE
9/29/2024,Not In Me,AM,FALSE
9/29/2024,We Will Glorify,AM,FALSE
10/6/2024,Hallelujah For The Cross,AM,FALSE
10/6/2024,Holy Holy Holy Lord God Almighty,AM,FALSE
10/6/2024,All Hail The Power Of Jesus Name,AM,FALSE
10/6/2024,Before The Throne Of God Above,AM,FALSE
10/6/2024,Whate'er My God Ordains Is Right,AM,FALSE
10/6/2024,He Will Hold Me Fast,AM,TRUE
10/6/2024,Christ Our Wisdom,PM,FALSE
10/6/2024,I Hear the Words of Love,PM,FALSE
10/6/2024,There Is A Fountain,PM,TRUE
10/13/2024,Oh How Good It Is,AM,FALSE
10/13/2024,All Praise To Him,AM,FALSE
10/13/2024,Nothing But The Blood,AM,FALSE
10/13/2024,I Hear the Words of Love,AM,FALSE
10/13/2024,In Christ Alone,AM,FALSE
10/13/2024,Christ Is Mine Forevermore,AM,TRUE
10/20/2024,10000 Reasons,AM,FALSE
10/20/2024,His Mercy Is More,AM,FALSE
10/20/2024,Come Thou Fount,AM,FALSE
10/20/2024,All Glory Be To Christ,AM,FALSE
10/20/2024,My Worth is Not in What I Own,AM,FALSE
10/20/2024,I Hear the Words of Love,AM,FALSE
10/20/2024,O Church Arise,AM,TRUE
10/27/2024,Jesus Shall Reign,AM,FALSE
10/27/2024,Bless The Lord O My Soul (Psalm 103),AM,FALSE
10/27/2024,All Creatures Of Our God And King,AM,FALSE
10/27/2024,Doxology,AM,FALSE
10/27/2024,See The Destined Day Arise,AM,FALSE
10/27/2024,Whate'er My God Ordains Is Right,AM,FALSE
10/27/2024,The Power Of The Cross,AM,FALSE
10/27/2024,All I Have Is Christ,AM,TRUE
11/3/2024,Come People Of The Risen King,AM,FALSE
11/3/2024,O Praise the Name,AM,FALSE
11/3/2024,Crown Him With Many Crowns,AM,FALSE
11/3/2024,Christ Our Hope In Life And Death,AM,FALSE
11/3/2024,Yet Not I But Through Christ In Me,AM,FALSE
11/3/2024,Speak O Lord,AM,FALSE
11/3/2024,O Church Arise,AM,TRUE
11/3/2024,On Jordan's Stormy Banks,PM,FALSE
11/3/2024,Jesus Shall Reign,PM,FALSE
11/3/2024,Jesus Strong And Kind,PM,TRUE
11/10/2024,How Rich A Treasure We Possess,AM,FALSE
11/10/2024,Living Hope,AM,FALSE
11/10/2024,Jesus Shall Reign,AM,FALSE
11/10/2024,Thy Mercy My God,AM,FALSE
11/10/2024,And Can It Be,AM,FALSE
11/10/2024,O Great God,AM,FALSE
11/10/2024,When Trials Come,AM,TRUE
11/17/2024,Come Behold The Wondrous Mystery,AM,FALSE
11/17/2024,Jesus Our Judge and Our Savior,AM,FALSE
11/17/2024,O For A Thousand Tongues To Sing,AM,FALSE
11/17/2024,Behold Our God,AM,FALSE
11/17/2024,Not In Me,AM,FALSE
11/17/2024,Amazing Grace,AM,FALSE
11/17/2024,We Will Feast In The House Of Zion,AM,TRUE
11/17/2024,Christ Our Wisdom,PM,FALSE
11/17/2024,My Jesus Fair,PM,FALSE
11/17/2024,We Will Glorify,PM,TRUE
11/24/2024,10000 Reasons,AM,FALSE
11/24/2024,Jesus Our Judge and Our Savior,AM,FALSE
11/24/2024,Holy Holy Holy Lord God Almighty,AM,FALSE
11/24/2024,His Mercy Is More,AM,FALSE
11/24/2024,Christ The True And Better,AM,FALSE
11/24/2024,Be Thou My Vision,AM,FALSE
11/24/2024,In Christ Alone,AM,TRUE
12/1/2024,Crown Him With Many Crowns,AM,FALSE
12/1/2024,Come People Of The Risen King,AM,FALSE
12/1/2024,All Praise To Him,AM,FALSE
12/1/2024,Solid Rock/My Hope Is Built On Nothing Less,AM,FALSE
12/1/2024,Before The Throne Of God Above,AM,FALSE
12/1/2024,O Come O Come Emmanuel,AM,FALSE
12/1/2024,Joy To The World,AM,TRUE
12/1/2024,Here Is Love,PM,FALSE
12/1/2024,There is a Happy Land,PM,FALSE
12/1/2024,Christ Is Mine Forevermore,PM,TRUE
12/8/2024,Joyful Joyful We Adore Thee,AM,FALSE
12/8/2024,Sing We The Song of Emmanuel,AM,FALSE
12/8/2024,Come Thou Fount,AM,FALSE
12/8/2024,Hark! The Herald Angels Sing!,AM,FALSE
12/8/2024,Come Behold The Wondrous Mystery,AM,FALSE
12/8/2024,Speak O Lord,AM,FALSE
12/8/2024,Come Thou Long-Expected Jesus,AM,TRUE
12/15/2024,God Rest Ye Merry Gentlemen,AM,FALSE
12/15/2024,O Come O Come Emmanuel,AM,FALSE
12/15/2024,What Child Is This,AM,FALSE
12/15/2024,Jesus Our Judge and Our Savior,AM,FALSE
12/15/2024,Dear Refuge Of My Weary Soul,AM,FALSE
12/15/2024,O Come All You Unfaithful,AM,FALSE
12/15/2024,We Will Feast In The House Of Zion,AM,TRUE
12/22/2024,Joy Has Dawned,AM,FALSE
12/22/2024,Come Behold The Wondrous Mystery,AM,FALSE
12/22/2024,Hark! The Herald Angels Sing!,AM,FALSE
12/22/2024,Behold Our God,AM,FALSE
12/22/2024,Once In Royal David's City,AM,FALSE
12/22/2024,O Come All Ye Faithful,AM,FALSE
12/22/2024,Joyful Joyful We Adore Thee,AM,TRUE
12/24/2024,Hark! The Herald Angels Sing!,PM,FALSE
12/24/2024,O Come O Come Emmanuel,PM,FALSE
12/24/2024,O Little Town of Bethlehem,PM,FALSE
12/24/2024,What Child Is This,PM,FALSE
12/24/2024,Angels We Have Heard On High,PM,FALSE
12/24/2024,"Infant Holy, Infant Lowly",PM,FALSE
12/24/2024,Once In Royal David's City,PM,FALSE
12/24/2024,Go Tell It On The Mountain,PM,FALSE
12/24/2024,O Come All Ye Faithful,PM,TRUE
12/29/2024,May the Peoples Praise You,AM,FALSE
12/29/2024,O Praise the Name,AM,FALSE
12/29/2024,Crown Him With Many Crowns,AM,FALSE
12/29/2024,See The Destined Day Arise,AM,FALSE
12/29/2024,Christ The True And Better,AM,FALSE
12/29/2024,Holy Holy Holy Lord God Almighty,AM,FALSE
12/29/2024,All Peoples That on Earth Do Dwell,AM,TRUE
1/5/2025,Oh How Good It Is,AM,FALSE
1/5/2025,God Is For Us,AM,FALSE
1/5/2025,How Firm A Foundation,AM,FALSE
1/5/2025,His Mercy Is More,AM,FALSE
1/5/2025,All I Have Is Christ,AM,FALSE
1/5/2025,Be Thou My Vision,AM,FALSE
1/5/2025,All Glory Be To Christ,AM,TRUE
1/5/2025,Come Unto Jesus,PM,FALSE
1/5/2025,The Sands of Time Are Sinking,PM,FALSE
1/5/2025,I Hear the Words of Love,PM,TRUE
1/12/2025,How Rich A Treasure We Possess,AM,FALSE
1/12/2025,Almost Home,AM,FALSE
1/12/2025,All Praise To Him,AM,FALSE
1/12/2025,All Creatures Of Our God And King,AM,FALSE
1/12/2025,Nothing But The Blood,AM,FALSE
1/12/2025,The Power Of The Cross,AM,FALSE
1/12/2025,Christ Is Mine Forevermore,AM,TRUE
1/19/2025,Bless The Lord O My Soul (Psalm 103),AM,FALSE
1/19/2025,O Praise the Name,AM,FALSE
1/19/2025,Come Thou Fount,AM,FALSE
1/19/2025,O Great God,AM,FALSE
1/19/2025,Yet Not I But Through Christ In Me,AM,FALSE
1/19/2025,Speak O Lord,AM,FALSE
1/19/2025,O Church Arise,AM,TRUE
1/19/2025,Christ Our Wisdom,PM,FALSE
1/19/2025,Be Thou My Vision,PM,TRUE
1/26/2025,Across The Lands,AM,FALSE
1/26/2025,Living Hope,AM,FALSE
1/26/2025,Solid Rock/My Hope Is Built On Nothing Less,AM,FALSE
1/26/2025,Afflicted Saint To Christ Draw Near,AM,FALSE
1/26/2025,When Trials Come,AM,FALSE
1/26/2025,It Is Well With My Soul,AM,FALSE
1/26/2025,Christ Our Hope In Life And Death,AM,TRUE
2/2/2025,10000 Reasons,AM,FALSE
2/2/2025,Man Of Sorrows,AM,FALSE
2/2/2025,Christ The True And Better,AM,FALSE
2/2/2025,Immortal Invisible,AM,FALSE
2/2/2025,How Sweet And Aweful Is The Place,AM,FALSE
2/2/2025,Before The Throne Of God Above,AM,FALSE
2/2/2025,Christ Is Mine Forevermore,AM,TRUE
2/9/2025,It Was Finished Upon That Cross,AM,FALSE
2/9/2025,All Sufficient Merit,AM,FALSE
2/9/2025,Holy Holy Holy Lord God Almighty,AM,FALSE
2/9/2025,My Worth is Not in What I Own,AM,FALSE
2/9/2025,O For A Thousand Tongues To Sing,AM,FALSE
2/9/2025,O Great God,AM,FALSE
2/9/2025,See The Destined Day Arise,AM,TRUE
2/16/2025,Hallelujah For The Cross,AM,FALSE
2/16/2025,All Sufficient Merit,AM,FALSE
2/16/2025,Solid Rock/My Hope Is Built On Nothing Less,AM,FALSE
2/16/2025,Yet Not I But Through Christ In Me,AM,FALSE
2/16/2025,Not In Me,AM,FALSE
2/16/2025,O Church Arise,AM,FALSE
2/16/2025,We Will Feast In The House Of Zion,AM,TRUE
2/16/2025,Whate'er My God Ordains Is Right,PM,FALSE
2/16/2025,Though the Fig Tree,PM,FALSE
2/16/2025,Turn Your Eyes,PM,TRUE
2/23/2025,Across The Lands,AM,FALSE
2/23/2025,Though the Fig Tree,AM,FALSE
2/23/2025,Behold Our God,AM,FALSE
2/23/2025,All Creatures Of Our God And King,AM,FALSE
2/23/2025,Rock Of Ages,AM,FALSE
2/23/2025,All Glory Be To Christ,AM,FALSE
2/23/2025,In Christ Alone,AM,TRUE
3/2/2025,How Rich A Treasure We Possess,AM,FALSE
3/2/2025,Oh How Good It Is,AM,FALSE
3/2/2025,Come Behold The Wondrous Mystery,AM,FALSE
3/2/2025,Praise To The Lord The Almighty,AM,FALSE
3/2/2025,And Can It Be,AM,FALSE
3/2/2025,Jesus Strong And Kind,AM,FALSE
3/2/2025,All I Have Is Christ,AM,TRUE
3/2/2025,Thy Mercy My God,PM,FALSE
3/2/2025,All Things,PM,FALSE
3/2/2025,There is a Happy Land,PM,TRUE
3/9/2025,All Things,AM,FALSE
3/9/2025,Jesus Shall Reign,AM,FALSE
3/9/2025,Crown Him With Many Crowns,AM,FALSE
3/9/2025,When Trials Come,AM,FALSE
3/9/2025,Hallelujah What A Savior,AM,FALSE
3/9/2025,O Praise the Name,AM,FALSE
3/9/2025,All Glory Be To Christ,AM,TRUE
3/16/2025,See He Comes,AM,FALSE
3/16/2025,Come Unto Jesus,AM,FALSE
3/16/2025,Bless The Lord O My Soul (Psalm 103),AM,FALSE
3/16/2025,O Great God,AM,FALSE
3/16/2025,Speak O Lord,AM,FALSE
3/16/2025,Jesus What A Friend For Sinners,AM,FALSE
3/16/2025,He Will Hold Me Fast,AM,TRUE
3/16/2025,Though the Fig Tree,PM,FALSE
3/16/2025,"O the Deep, Deep Love of Jesus",PM,FALSE
3/16/2025,Blessed Assurance,PM,TRUE
3/23/2025,All Things,AM,FALSE
3/23/2025,My Worth is Not in What I Own,AM,FALSE
3/23/2025,I Will Glory in My Redeemer,AM,FALSE
3/23/2025,Dear Refuge Of My Weary Soul,AM,FALSE
3/23/2025,Nothing But The Blood,AM,FALSE
3/23/2025,Christ Our Hope In Life And Death,AM,FALSE
3/23/2025,We Will Feast In The House Of Zion,AM,TRUE